comparison_target,target_RMSE,LightGBM_RMSE,RMSE_improvement_pct,target_MAE,LightGBM_MAE,MAE_improvement_pct
SARIMA,460.62939861399735,190.72425030589548,58.59485936421517,260.0151124245847,113.0539125500987,56.520253189941386
Weekly Naive (lag_168),776.5245646359186,190.72425030589548,75.43873574748812,427.04785628019323,113.0539125500987,73.52664089339858
Daily Naive (lag_24),865.434648964093,190.72425030589548,77.96202745820399,464.011020531401,113.0539125500987,75.63551132457468
